report_id,raw_text,ground_truth_category,true_cluster_id,city,lat,lon
REP-1001,"Sir, IT flagged that someone set up a rogue wifi hotspot in the cafeteria and intercepted our traffic — looks like a man-in-the-middle attack on staff logins. Reach me on 07089876543.",Man-in-the-Middle (MITM) Attack,CLUSTER-005,Port Harcourt,4.738747726820566,7.123675401701678
REP-1002,All the files in the finance folder now have .locked extension and there is a readme.txt asking for money. Help fast! Phone: 08123456789.,Ransomware / Malware,CLUSTER-004,Lagos,6.566440696342563,3.5253159055545273
REP-1003,"Hello admin, I tried logging into the payroll portal and it asked for my password twice. Now my account is locked. Staff ID: STF-1049, NIN: 98765432109.",Credential Compromise,CLUSTER-002,Abuja,9.211462380505022,7.383578812401048
REP-1004,"Good morning sir, someone sent this link on our department WhatsApp group claiming the VC is giving 50k grant: http://fulafia-grant-portal.free.site. My email is john.doe@fulafia.edu.ng and my phone is 08123456789.",Phishing / Social Engineering,CLUSTER-001,Enugu,6.417442500569382,7.462613291719447
REP-1005,"Sir, IT flagged that someone set up a rogue wifi hotspot in the cafeteria and intercepted our traffic — looks like a man-in-the-middle attack on staff logins. Reach me on 08123456789.",Man-in-the-Middle (MITM) Attack,CLUSTER-005,Abuja,8.986977332019219,7.282503431826405
REP-1006,"Security noticed a port scan and then the perimeter firewall was bypassed overnight, attacker got into the DMZ server. My phone is 07089876543.",Firewall Breach / Perimeter Bypass,CLUSTER-007,Port Harcourt,4.6725210726868145,7.035844516856796
REP-1007,"Security noticed a port scan and then the perimeter firewall was bypassed overnight, attacker got into the DMZ server. My phone is 08031234567.",Firewall Breach / Perimeter Bypass,CLUSTER-007,Nasarawa,8.435082575756226,8.422436802651276
REP-1008,"After the initial breach the attacker pivoted from the web server and moved laterally to the internal database server. Escalating to IR now, call 08031234567.",Lateral Movement / Server Pivoting,CLUSTER-008,Port Harcourt,4.831510057141103,7.078307271431941
REP-1009,"Someone used a prompt injection to jailbreak our support chatbot and got it to leak internal staff data. Staff ID STF-1049, please investigate.",AI System Attack (Prompt Injection / Model Abuse),CLUSTER-009,Port Harcourt,4.745477903887398,7.091262795816062
REP-1010,"Sir, the school public library landing page is showing a strange message saying 'Hacked by X-Ghost'. Link: http://update-payroll-verify.ng. Contact me on 08031234567.",Web Defacement,CLUSTER-003,Nasarawa,8.61233977583021,8.649162985043802
REP-1011,All the files in the finance folder now have .locked extension and there is a readme.txt asking for money. Help fast! Phone: 08031234567.,Ransomware / Malware,CLUSTER-004,Enugu,6.528517826722444,7.658541279928831
REP-1012,"Good morning sir, someone sent this link on our department WhatsApp group claiming the VC is giving 50k grant: http://fulafia-grant-portal.free.site. My email is m.ibrahim@yahoo.com and my phone is 07089876543.",Phishing / Social Engineering,CLUSTER-001,Nasarawa,8.477458217920015,8.65451963662623
REP-1013,"Security noticed a port scan and then the perimeter firewall was bypassed overnight, attacker got into the DMZ server. My phone is 07089876543.",Firewall Breach / Perimeter Bypass,CLUSTER-007,Lagos,6.648492279288091,3.4451051204027845
REP-1014,All the files in the finance folder now have .locked extension and there is a readme.txt asking for money. Help fast! Phone: 08123456789.,Ransomware / Malware,CLUSTER-004,Kano,12.06214395954563,8.482309553604704
REP-1015,"Good morning sir, someone sent this link on our department WhatsApp group claiming the VC is giving 50k grant: http://fulafia-grant-portal.free.site. My email is m.ibrahim@yahoo.com and my phone is 08123456789.",Phishing / Social Engineering,CLUSTER-001,Port Harcourt,4.878181263953441,7.105404393936547
REP-1016,"Security noticed a port scan and then the perimeter firewall was bypassed overnight, attacker got into the DMZ server. My phone is 07089876543.",Firewall Breach / Perimeter Bypass,CLUSTER-007,Enugu,6.516698521913722,7.519142803777442
REP-1017,"Sir, the school public library landing page is showing a strange message saying 'Hacked by X-Ghost'. Link: http://fulafia-grant-portal.free.site. Contact me on 08031234567.",Web Defacement,CLUSTER-003,Port Harcourt,4.92072671390225,7.135414005070374
REP-1018,"Our web team found an XSS script injection on the student portal comment box, someone injected a malicious script tag to steal session cookies. Contact: m.ibrahim@yahoo.com.",Web Application Attack (XSS),CLUSTER-006,Nasarawa,8.454194079410781,8.474048611593656
REP-1019,"Someone used a prompt injection to jailbreak our support chatbot and got it to leak internal staff data. Staff ID STF-8821, please investigate.",AI System Attack (Prompt Injection / Model Abuse),CLUSTER-009,Kano,12.063554378305408,8.446727670495882
REP-1020,"Sir, the school public library landing page is showing a strange message saying 'Hacked by X-Ghost'. Link: http://update-payroll-verify.ng. Contact me on 07089876543.",Web Defacement,CLUSTER-003,Lagos,6.404260413096844,3.352786088176216
REP-1021,"Good morning sir, someone sent this link on our department WhatsApp group claiming the VC is giving 50k grant: http://scholarship-tech.tk. My email is m.ibrahim@yahoo.com and my phone is 08123456789.",Phishing / Social Engineering,CLUSTER-001,Port Harcourt,4.883380902997537,7.1681584557625
REP-1022,"Sir, IT flagged that someone set up a rogue wifi hotspot in the cafeteria and intercepted our traffic — looks like a man-in-the-middle attack on staff logins. Reach me on 07089876543.",Man-in-the-Middle (MITM) Attack,CLUSTER-005,Port Harcourt,4.915131487823457,6.954792238412955
REP-1023,"Hello admin, I tried logging into the payroll portal and it asked for my password twice. Now my account is locked. Staff ID: STF-3301, NIN: 98765432109.",Credential Compromise,CLUSTER-002,Kano,12.128853040038178,8.470676480134205
REP-1024,All the files in the finance folder now have .locked extension and there is a readme.txt asking for money. Help fast! Phone: 08031234567.,Ransomware / Malware,CLUSTER-004,Port Harcourt,4.77558738686305,7.119538830085594
REP-1025,"Hello admin, I tried logging into the payroll portal and it asked for my password twice. Now my account is locked. Staff ID: STF-8821, NIN: 98765432109.",Credential Compromise,CLUSTER-002,Lagos,6.631596811596635,3.5074600422419313
REP-1026,"Sir, IT flagged that someone set up a rogue wifi hotspot in the cafeteria and intercepted our traffic — looks like a man-in-the-middle attack on staff logins. Reach me on 08031234567.",Man-in-the-Middle (MITM) Attack,CLUSTER-005,Abuja,9.15698745689148,7.345459444461097
REP-1027,"Our web team found an XSS script injection on the student portal comment box, someone injected a malicious script tag to steal session cookies. Contact: john.doe@fulafia.edu.ng.",Web Application Attack (XSS),CLUSTER-006,Nasarawa,8.538778490226408,8.595896034036882
REP-1028,"Our web team found an XSS script injection on the student portal comment box, someone injected a malicious script tag to steal session cookies. Contact: blessing.a@gmail.com.",Web Application Attack (XSS),CLUSTER-006,Enugu,6.595560512476742,7.617766224731816
REP-1029,"After the initial breach the attacker pivoted from the web server and moved laterally to the internal database server. Escalating to IR now, call 08123456789.",Lateral Movement / Server Pivoting,CLUSTER-008,Port Harcourt,4.67388310672539,7.05777820979743
REP-1030,"Sir, IT flagged that someone set up a rogue wifi hotspot in the cafeteria and intercepted our traffic — looks like a man-in-the-middle attack on staff logins. Reach me on 08031234567.",Man-in-the-Middle (MITM) Attack,CLUSTER-005,Kano,12.02198420367292,8.489352138352373
REP-1031,"Sir, the school public library landing page is showing a strange message saying 'Hacked by X-Ghost'. Link: http://scholarship-tech.tk. Contact me on 08031234567.",Web Defacement,CLUSTER-003,Lagos,6.646270485275218,3.3081749927520843
REP-1032,"Hello admin, I tried logging into the payroll portal and it asked for my password twice. Now my account is locked. Staff ID: STF-1049, NIN: 45678912301.",Credential Compromise,CLUSTER-002,Lagos,6.400191700533563,3.4158031413571512
REP-1033,"Someone used a prompt injection to jailbreak our support chatbot and got it to leak internal staff data. Staff ID STF-8821, please investigate.",AI System Attack (Prompt Injection / Model Abuse),CLUSTER-009,Abuja,9.138179459484933,7.295205146356803
REP-1034,"After the initial breach the attacker pivoted from the web server and moved laterally to the internal database server. Escalating to IR now, call 08031234567.",Lateral Movement / Server Pivoting,CLUSTER-008,Port Harcourt,4.749651694401346,6.945189354366052
REP-1035,Abeg check this link http://scholarship-tech.tk. Dey say make I put my portal password to claim laptop scholarship. My phone number na 08123456789.,Phishing / Social Engineering,CLUSTER-001,Enugu,6.586871129170654,7.530250255662079
REP-1036,"Hello admin, I tried logging into the payroll portal and it asked for my password twice. Now my account is locked. Staff ID: STF-3301, NIN: 98765432109.",Credential Compromise,CLUSTER-002,Abuja,9.101870461262632,7.288503796268878
REP-1037,"Our web team found an XSS script injection on the student portal comment box, someone injected a malicious script tag to steal session cookies. Contact: john.doe@fulafia.edu.ng.",Web Application Attack (XSS),CLUSTER-006,Kano,11.99767727996244,8.581036155277733
REP-1038,"Security noticed a port scan and then the perimeter firewall was bypassed overnight, attacker got into the DMZ server. My phone is 07089876543.",Firewall Breach / Perimeter Bypass,CLUSTER-007,Enugu,6.336285424081774,7.53177844989741
REP-1039,Abeg check this link http://update-payroll-verify.ng. Dey say make I put my portal password to claim laptop scholarship. My phone number na 08123456789.,Phishing / Social Engineering,CLUSTER-001,Enugu,6.46752902745964,7.567915233786712
REP-1040,All the files in the finance folder now have .locked extension and there is a readme.txt asking for money. Help fast! Phone: 08123456789.,Ransomware / Malware,CLUSTER-004,Kano,12.096768662735728,8.721174284061131
REP-1041,"Someone used a prompt injection to jailbreak our support chatbot and got it to leak internal staff data. Staff ID STF-8821, please investigate.",AI System Attack (Prompt Injection / Model Abuse),CLUSTER-009,Nasarawa,8.627691018665326,8.59010972818978
REP-1042,"Sir, the school public library landing page is showing a strange message saying 'Hacked by X-Ghost'. Link: http://update-payroll-verify.ng. Contact me on 07089876543.",Web Defacement,CLUSTER-003,Enugu,6.596290578539861,7.643921548293937
REP-1043,"Someone used a prompt injection to jailbreak our support chatbot and got it to leak internal staff data. Staff ID STF-1049, please investigate.",AI System Attack (Prompt Injection / Model Abuse),CLUSTER-009,Nasarawa,8.480495035159944,8.43654342870184
REP-1044,"Good morning sir, someone sent this link on our department WhatsApp group claiming the VC is giving 50k grant: http://fulafia-grant-portal.free.site. My email is john.doe@fulafia.edu.ng and my phone is 07089876543.",Phishing / Social Engineering,CLUSTER-001,Port Harcourt,4.735156475550951,7.024585580289387
REP-1045,"Sir, IT flagged that someone set up a rogue wifi hotspot in the cafeteria and intercepted our traffic — looks like a man-in-the-middle attack on staff logins. Reach me on 07089876543.",Man-in-the-Middle (MITM) Attack,CLUSTER-005,Kano,11.984214247562777,8.584261363789693
REP-1046,"Security noticed a port scan and then the perimeter firewall was bypassed overnight, attacker got into the DMZ server. My phone is 07089876543.",Firewall Breach / Perimeter Bypass,CLUSTER-007,Kano,12.046875070123795,8.53876052961847
REP-1047,"Security noticed a port scan and then the perimeter firewall was bypassed overnight, attacker got into the DMZ server. My phone is 08031234567.",Firewall Breach / Perimeter Bypass,CLUSTER-007,Lagos,6.376951033348354,3.2719305908487364
REP-1048,All the files in the finance folder now have .locked extension and there is a readme.txt asking for money. Help fast! Phone: 08031234567.,Ransomware / Malware,CLUSTER-004,Enugu,6.389580259610666,7.667205769193488
REP-1049,"Good morning sir, someone sent this link on our department WhatsApp group claiming the VC is giving 50k grant: http://scholarship-tech.tk. My email is john.doe@fulafia.edu.ng and my phone is 08123456789.",Phishing / Social Engineering,CLUSTER-001,Abuja,8.98193396129347,7.280998428812547
REP-1050,"Someone used a prompt injection to jailbreak our support chatbot and got it to leak internal staff data. Staff ID STF-3301, please investigate.",AI System Attack (Prompt Injection / Model Abuse),CLUSTER-009,Nasarawa,8.398164681289346,8.63327497453505
REP-1051,"Our web team found an XSS script injection on the student portal comment box, someone injected a malicious script tag to steal session cookies. Contact: blessing.a@gmail.com.",Web Application Attack (XSS),CLUSTER-006,Abuja,9.066659105058978,7.337635838394047
REP-1052,"Our web team found an XSS script injection on the student portal comment box, someone injected a malicious script tag to steal session cookies. Contact: john.doe@fulafia.edu.ng.",Web Application Attack (XSS),CLUSTER-006,Enugu,6.460708960477092,7.6470754487850225
REP-1053,Abeg check this link http://update-payroll-verify.ng. Dey say make I put my portal password to claim laptop scholarship. My phone number na 08031234567.,Phishing / Social Engineering,CLUSTER-001,Lagos,6.512962389354038,3.3033282411810205
REP-1054,Abeg check this link http://update-payroll-verify.ng. Dey say make I put my portal password to claim laptop scholarship. My phone number na 08031234567.,Phishing / Social Engineering,CLUSTER-001,Port Harcourt,4.838610915080904,7.066612592511879
REP-1055,"Good morning sir, someone sent this link on our department WhatsApp group claiming the VC is giving 50k grant: http://update-payroll-verify.ng. My email is blessing.a@gmail.com and my phone is 08031234567.",Phishing / Social Engineering,CLUSTER-001,Nasarawa,8.486275744723223,8.392330655946486
REP-1056,"Good morning sir, someone sent this link on our department WhatsApp group claiming the VC is giving 50k grant: http://fulafia-grant-portal.free.site. My email is john.doe@fulafia.edu.ng and my phone is 07089876543.",Phishing / Social Engineering,CLUSTER-001,Lagos,6.543072015399757,3.5023728344167355
REP-1057,"Good morning sir, someone sent this link on our department WhatsApp group claiming the VC is giving 50k grant: http://update-payroll-verify.ng. My email is blessing.a@gmail.com and my phone is 08123456789.",Phishing / Social Engineering,CLUSTER-001,Lagos,6.632789378544395,3.2505332137902108
REP-1058,"After the initial breach the attacker pivoted from the web server and moved laterally to the internal database server. Escalating to IR now, call 07089876543.",Lateral Movement / Server Pivoting,CLUSTER-008,Enugu,6.549734623465068,7.6772698555461165
REP-1059,"Our web team found an XSS script injection on the student portal comment box, someone injected a malicious script tag to steal session cookies. Contact: blessing.a@gmail.com.",Web Application Attack (XSS),CLUSTER-006,Abuja,9.057270969820667,7.4263144967995585
REP-1060,"Security noticed a port scan and then the perimeter firewall was bypassed overnight, attacker got into the DMZ server. My phone is 08031234567.",Firewall Breach / Perimeter Bypass,CLUSTER-007,Nasarawa,8.553550942421172,8.63764262689922
REP-1061,"Our web team found an XSS script injection on the student portal comment box, someone injected a malicious script tag to steal session cookies. Contact: m.ibrahim@yahoo.com.",Web Application Attack (XSS),CLUSTER-006,Enugu,6.578266993038971,7.406547928099304
REP-1062,"Our web team found an XSS script injection on the student portal comment box, someone injected a malicious script tag to steal session cookies. Contact: m.ibrahim@yahoo.com.",Web Application Attack (XSS),CLUSTER-006,Nasarawa,8.430527460096851,8.662489530604024
REP-1063,"Hello admin, I tried logging into the payroll portal and it asked for my password twice. Now my account is locked. Staff ID: STF-1049, NIN: 98765432109.",Credential Compromise,CLUSTER-002,Nasarawa,8.565163126274564,8.460243534519787
REP-1064,"Sir, IT flagged that someone set up a rogue wifi hotspot in the cafeteria and intercepted our traffic — looks like a man-in-the-middle attack on staff logins. Reach me on 08031234567.",Man-in-the-Middle (MITM) Attack,CLUSTER-005,Kano,12.073279455300995,8.521720433679231
REP-1065,"Security noticed a port scan and then the perimeter firewall was bypassed overnight, attacker got into the DMZ server. My phone is 07089876543.",Firewall Breach / Perimeter Bypass,CLUSTER-007,Port Harcourt,4.6943823997644145,7.055480614388555
REP-1066,"Sir, IT flagged that someone set up a rogue wifi hotspot in the cafeteria and intercepted our traffic — looks like a man-in-the-middle attack on staff logins. Reach me on 08123456789.",Man-in-the-Middle (MITM) Attack,CLUSTER-005,Lagos,6.515761607165051,3.4883231648519266
REP-1067,"Someone used a prompt injection to jailbreak our support chatbot and got it to leak internal staff data. Staff ID STF-8821, please investigate.",AI System Attack (Prompt Injection / Model Abuse),CLUSTER-009,Lagos,6.423711827243777,3.237799291843011
REP-1068,"Hello admin, I tried logging into the payroll portal and it asked for my password twice. Now my account is locked. Staff ID: STF-1049, NIN: 12345678901.",Credential Compromise,CLUSTER-002,Abuja,9.205312702500434,7.369428905784768
REP-1069,"Hello admin, I tried logging into the payroll portal and it asked for my password twice. Now my account is locked. Staff ID: STF-1049, NIN: 12345678901.",Credential Compromise,CLUSTER-002,Kano,11.906909803946286,8.504295569653154
REP-1070,"After the initial breach the attacker pivoted from the web server and moved laterally to the internal database server. Escalating to IR now, call 08123456789.",Lateral Movement / Server Pivoting,CLUSTER-008,Port Harcourt,4.689234121223958,7.034417026838218
REP-1071,"Good morning sir, someone sent this link on our department WhatsApp group claiming the VC is giving 50k grant: http://scholarship-tech.tk. My email is john.doe@fulafia.edu.ng and my phone is 08031234567.",Phishing / Social Engineering,CLUSTER-001,Abuja,9.01053490144084,7.457368641039017
REP-1072,"Good morning sir, someone sent this link on our department WhatsApp group claiming the VC is giving 50k grant: http://scholarship-tech.tk. My email is blessing.a@gmail.com and my phone is 07089876543.",Phishing / Social Engineering,CLUSTER-001,Abuja,8.973872407440272,7.443759235737779
REP-1073,"Sir, the school public library landing page is showing a strange message saying 'Hacked by X-Ghost'. Link: http://update-payroll-verify.ng. Contact me on 07089876543.",Web Defacement,CLUSTER-003,Abuja,9.21689204117201,7.342973772274207
REP-1074,Abeg check this link http://scholarship-tech.tk. Dey say make I put my portal password to claim laptop scholarship. My phone number na 08123456789.,Phishing / Social Engineering,CLUSTER-001,Kano,12.125944233429822,8.470366126639638
REP-1075,"Hello admin, I tried logging into the payroll portal and it asked for my password twice. Now my account is locked. Staff ID: STF-3301, NIN: 98765432109.",Credential Compromise,CLUSTER-002,Nasarawa,8.485373368265817,8.482310263502109
REP-1076,"Sir, IT flagged that someone set up a rogue wifi hotspot in the cafeteria and intercepted our traffic — looks like a man-in-the-middle attack on staff logins. Reach me on 08123456789.",Man-in-the-Middle (MITM) Attack,CLUSTER-005,Enugu,6.311429256377657,7.479657658278766
REP-1077,"Sir, the school public library landing page is showing a strange message saying 'Hacked by X-Ghost'. Link: http://update-payroll-verify.ng. Contact me on 08123456789.",Web Defacement,CLUSTER-003,Nasarawa,8.606082391366837,8.566880641354993
REP-1078,"Sir, IT flagged that someone set up a rogue wifi hotspot in the cafeteria and intercepted our traffic — looks like a man-in-the-middle attack on staff logins. Reach me on 07089876543.",Man-in-the-Middle (MITM) Attack,CLUSTER-005,Enugu,6.526441575150067,7.52285638550082
REP-1079,"Sir, the school public library landing page is showing a strange message saying 'Hacked by X-Ghost'. Link: http://scholarship-tech.tk. Contact me on 07089876543.",Web Defacement,CLUSTER-003,Kano,11.900601463292473,8.647221180644143
REP-1080,"Hello admin, I tried logging into the payroll portal and it asked for my password twice. Now my account is locked. Staff ID: STF-3301, NIN: 98765432109.",Credential Compromise,CLUSTER-002,Nasarawa,8.58158089140015,8.407023676390487
REP-1081,"Good morning sir, someone sent this link on our department WhatsApp group claiming the VC is giving 50k grant: http://update-payroll-verify.ng. My email is john.doe@fulafia.edu.ng and my phone is 08031234567.",Phishing / Social Engineering,CLUSTER-001,Nasarawa,8.346147261666626,8.629406046695175
REP-1082,All the files in the finance folder now have .locked extension and there is a readme.txt asking for money. Help fast! Phone: 08031234567.,Ransomware / Malware,CLUSTER-004,Enugu,6.405168986489773,7.603669677156631
REP-1083,Abeg check this link http://fulafia-grant-portal.free.site. Dey say make I put my portal password to claim laptop scholarship. My phone number na 08123456789.,Phishing / Social Engineering,CLUSTER-001,Nasarawa,8.569744744392693,8.651187511858652
REP-1084,"Hello admin, I tried logging into the payroll portal and it asked for my password twice. Now my account is locked. Staff ID: STF-3301, NIN: 12345678901.",Credential Compromise,CLUSTER-002,Nasarawa,8.432798014220586,8.503153724214213
REP-1085,"Sir, IT flagged that someone set up a rogue wifi hotspot in the cafeteria and intercepted our traffic — looks like a man-in-the-middle attack on staff logins. Reach me on 08031234567.",Man-in-the-Middle (MITM) Attack,CLUSTER-005,Enugu,6.38710718466912,7.590530792555578
REP-1086,"Our web team found an XSS script injection on the student portal comment box, someone injected a malicious script tag to steal session cookies. Contact: blessing.a@gmail.com.",Web Application Attack (XSS),CLUSTER-006,Kano,11.889041087512794,8.564878087346651
REP-1087,"Good morning sir, someone sent this link on our department WhatsApp group claiming the VC is giving 50k grant: http://fulafia-grant-portal.free.site. My email is john.doe@fulafia.edu.ng and my phone is 07089876543.",Phishing / Social Engineering,CLUSTER-001,Kano,11.866015888177317,8.657816210983325
REP-1088,"Good morning sir, someone sent this link on our department WhatsApp group claiming the VC is giving 50k grant: http://scholarship-tech.tk. My email is m.ibrahim@yahoo.com and my phone is 07089876543.",Phishing / Social Engineering,CLUSTER-001,Enugu,6.5348616375963875,7.403108308885618
REP-1089,"Our web team found an XSS script injection on the student portal comment box, someone injected a malicious script tag to steal session cookies. Contact: john.doe@fulafia.edu.ng.",Web Application Attack (XSS),CLUSTER-006,Nasarawa,8.442440246975277,8.434271512597832
REP-1090,"Sir, IT flagged that someone set up a rogue wifi hotspot in the cafeteria and intercepted our traffic — looks like a man-in-the-middle attack on staff logins. Reach me on 08031234567.",Man-in-the-Middle (MITM) Attack,CLUSTER-005,Lagos,6.437241372406917,3.2625142387733477
REP-1091,"After the initial breach the attacker pivoted from the web server and moved laterally to the internal database server. Escalating to IR now, call 08123456789.",Lateral Movement / Server Pivoting,CLUSTER-008,Abuja,8.928116710844272,7.438113313066855
REP-1092,All the files in the finance folder now have .locked extension and there is a readme.txt asking for money. Help fast! Phone: 08123456789.,Ransomware / Malware,CLUSTER-004,Nasarawa,8.508447327529987,8.38872472704523
REP-1093,"After the initial breach the attacker pivoted from the web server and moved laterally to the internal database server. Escalating to IR now, call 08123456789.",Lateral Movement / Server Pivoting,CLUSTER-008,Enugu,6.444063806686892,7.562167610686888
REP-1094,"Security noticed a port scan and then the perimeter firewall was bypassed overnight, attacker got into the DMZ server. My phone is 08123456789.",Firewall Breach / Perimeter Bypass,CLUSTER-007,Lagos,6.405749733736658,3.5095600506600344
REP-1095,"Good morning sir, someone sent this link on our department WhatsApp group claiming the VC is giving 50k grant: http://update-payroll-verify.ng. My email is blessing.a@gmail.com and my phone is 08123456789.",Phishing / Social Engineering,CLUSTER-001,Port Harcourt,4.692926035087091,7.030166495517815
REP-1096,"Sir, the school public library landing page is showing a strange message saying 'Hacked by X-Ghost'. Link: http://fulafia-grant-portal.free.site. Contact me on 07089876543.",Web Defacement,CLUSTER-003,Nasarawa,8.45081907512891,8.473109802745947
REP-1097,"After the initial breach the attacker pivoted from the web server and moved laterally to the internal database server. Escalating to IR now, call 07089876543.",Lateral Movement / Server Pivoting,CLUSTER-008,Kano,11.927925567424282,8.558512928689158
REP-1098,"Sir, the school public library landing page is showing a strange message saying 'Hacked by X-Ghost'. Link: http://scholarship-tech.tk. Contact me on 08123456789.",Web Defacement,CLUSTER-003,Enugu,6.590866968260857,7.498065176572562
REP-1099,"After the initial breach the attacker pivoted from the web server and moved laterally to the internal database server. Escalating to IR now, call 07089876543.",Lateral Movement / Server Pivoting,CLUSTER-008,Lagos,6.565848911559456,3.3111973498954037
REP-1100,"Hello admin, I tried logging into the payroll portal and it asked for my password twice. Now my account is locked. Staff ID: STF-3301, NIN: 12345678901.",Credential Compromise,CLUSTER-002,Kano,12.102681667389843,8.449921614925072
REP-1101,"Our web team found an XSS script injection on the student portal comment box, someone injected a malicious script tag to steal session cookies. Contact: john.doe@fulafia.edu.ng.",Web Application Attack (XSS),CLUSTER-006,Port Harcourt,4.715331149499535,6.955619348578573
REP-1102,"Someone used a prompt injection to jailbreak our support chatbot and got it to leak internal staff data. Staff ID STF-1049, please investigate.",AI System Attack (Prompt Injection / Model Abuse),CLUSTER-009,Enugu,6.559401743540877,7.6209064708281815
REP-1103,"Security noticed a port scan and then the perimeter firewall was bypassed overnight, attacker got into the DMZ server. My phone is 08123456789.",Firewall Breach / Perimeter Bypass,CLUSTER-007,Port Harcourt,4.7162807271961755,7.126718339826578
REP-1104,"After the initial breach the attacker pivoted from the web server and moved laterally to the internal database server. Escalating to IR now, call 08031234567.",Lateral Movement / Server Pivoting,CLUSTER-008,Lagos,6.383857686488151,3.510224868665702
REP-1105,"Someone used a prompt injection to jailbreak our support chatbot and got it to leak internal staff data. Staff ID STF-8821, please investigate.",AI System Attack (Prompt Injection / Model Abuse),CLUSTER-009,Port Harcourt,4.780201258682928,7.048145216354005
REP-1106,"After the initial breach the attacker pivoted from the web server and moved laterally to the internal database server. Escalating to IR now, call 08031234567.",Lateral Movement / Server Pivoting,CLUSTER-008,Lagos,6.5267153004956615,3.439158700870866
REP-1107,All the files in the finance folder now have .locked extension and there is a readme.txt asking for money. Help fast! Phone: 08031234567.,Ransomware / Malware,CLUSTER-004,Lagos,6.552056230964277,3.473764432284026
REP-1108,"Good morning sir, someone sent this link on our department WhatsApp group claiming the VC is giving 50k grant: http://fulafia-grant-portal.free.site. My email is m.ibrahim@yahoo.com and my phone is 08031234567.",Phishing / Social Engineering,CLUSTER-001,Port Harcourt,4.7526586473704775,7.1845968727142795
REP-1109,"Sir, IT flagged that someone set up a rogue wifi hotspot in the cafeteria and intercepted our traffic — looks like a man-in-the-middle attack on staff logins. Reach me on 07089876543.",Man-in-the-Middle (MITM) Attack,CLUSTER-005,Nasarawa,8.572511145049548,8.655691437380987
REP-1110,"Sir, the school public library landing page is showing a strange message saying 'Hacked by X-Ghost'. Link: http://fulafia-grant-portal.free.site. Contact me on 07089876543.",Web Defacement,CLUSTER-003,Port Harcourt,4.840106413990195,7.133599547553239
REP-1111,"After the initial breach the attacker pivoted from the web server and moved laterally to the internal database server. Escalating to IR now, call 08123456789.",Lateral Movement / Server Pivoting,CLUSTER-008,Lagos,6.5460807916216615,3.2711685063879585
REP-1112,"Good morning sir, someone sent this link on our department WhatsApp group claiming the VC is giving 50k grant: http://scholarship-tech.tk. My email is m.ibrahim@yahoo.com and my phone is 08123456789.",Phishing / Social Engineering,CLUSTER-001,Nasarawa,8.472628997406472,8.415246084488818
REP-1113,"Good morning sir, someone sent this link on our department WhatsApp group claiming the VC is giving 50k grant: http://fulafia-grant-portal.free.site. My email is m.ibrahim@yahoo.com and my phone is 08031234567.",Phishing / Social Engineering,CLUSTER-001,Port Harcourt,4.895392871732456,7.137404473878187
REP-1114,"Sir, IT flagged that someone set up a rogue wifi hotspot in the cafeteria and intercepted our traffic — looks like a man-in-the-middle attack on staff logins. Reach me on 08031234567.",Man-in-the-Middle (MITM) Attack,CLUSTER-005,Port Harcourt,4.810300343131202,6.968375987876728
REP-1115,All the files in the finance folder now have .locked extension and there is a readme.txt asking for money. Help fast! Phone: 08123456789.,Ransomware / Malware,CLUSTER-004,Lagos,6.533318598176245,3.3677962993822126
REP-1116,"After the initial breach the attacker pivoted from the web server and moved laterally to the internal database server. Escalating to IR now, call 07089876543.",Lateral Movement / Server Pivoting,CLUSTER-008,Port Harcourt,4.679778165991318,7.035571681819378
REP-1117,"Hello admin, I tried logging into the payroll portal and it asked for my password twice. Now my account is locked. Staff ID: STF-3301, NIN: 45678912301.",Credential Compromise,CLUSTER-002,Enugu,6.42804179550964,7.420788564827316
REP-1118,"Sir, the school public library landing page is showing a strange message saying 'Hacked by X-Ghost'. Link: http://scholarship-tech.tk. Contact me on 07089876543.",Web Defacement,CLUSTER-003,Lagos,6.53931587509595,3.5122563348154174
REP-1119,"Good morning sir, someone sent this link on our department WhatsApp group claiming the VC is giving 50k grant: http://fulafia-grant-portal.free.site. My email is m.ibrahim@yahoo.com and my phone is 07089876543.",Phishing / Social Engineering,CLUSTER-001,Abuja,9.02822480061139,7.44499400636106
REP-1120,"Security noticed a port scan and then the perimeter firewall was bypassed overnight, attacker got into the DMZ server. My phone is 08123456789.",Firewall Breach / Perimeter Bypass,CLUSTER-007,Lagos,6.565160149482457,3.255756166013303
REP-1121,All the files in the finance folder now have .locked extension and there is a readme.txt asking for money. Help fast! Phone: 07089876543.,Ransomware / Malware,CLUSTER-004,Lagos,6.672652008260202,3.34012629501444
REP-1122,"Sir, the school public library landing page is showing a strange message saying 'Hacked by X-Ghost'. Link: http://update-payroll-verify.ng. Contact me on 08123456789.",Web Defacement,CLUSTER-003,Port Harcourt,4.788108911916097,7.13434826203559
REP-1123,All the files in the finance folder now have .locked extension and there is a readme.txt asking for money. Help fast! Phone: 08123456789.,Ransomware / Malware,CLUSTER-004,Lagos,6.464766654839437,3.265725869865069
REP-1124,"Sir, the school public library landing page is showing a strange message saying 'Hacked by X-Ghost'. Link: http://fulafia-grant-portal.free.site. Contact me on 08123456789.",Web Defacement,CLUSTER-003,Lagos,6.52831493547557,3.2475326237448243
REP-1125,"Good morning sir, someone sent this link on our department WhatsApp group claiming the VC is giving 50k grant: http://fulafia-grant-portal.free.site. My email is m.ibrahim@yahoo.com and my phone is 07089876543.",Phishing / Social Engineering,CLUSTER-001,Kano,11.98488842748104,8.690032640255497
REP-1126,"After the initial breach the attacker pivoted from the web server and moved laterally to the internal database server. Escalating to IR now, call 07089876543.",Lateral Movement / Server Pivoting,CLUSTER-008,Enugu,6.4239339542032425,7.464282779284609
REP-1127,"Sir, the school public library landing page is showing a strange message saying 'Hacked by X-Ghost'. Link: http://scholarship-tech.tk. Contact me on 07089876543.",Web Defacement,CLUSTER-003,Port Harcourt,4.731122964955585,7.005441527693806
REP-1128,"Sir, IT flagged that someone set up a rogue wifi hotspot in the cafeteria and intercepted our traffic — looks like a man-in-the-middle attack on staff logins. Reach me on 07089876543.",Man-in-the-Middle (MITM) Attack,CLUSTER-005,Enugu,6.393483527256955,7.408786925509762
REP-1129,"Someone used a prompt injection to jailbreak our support chatbot and got it to leak internal staff data. Staff ID STF-3301, please investigate.",AI System Attack (Prompt Injection / Model Abuse),CLUSTER-009,Nasarawa,8.36187595742318,8.629707306896533
REP-1130,"Security noticed a port scan and then the perimeter firewall was bypassed overnight, attacker got into the DMZ server. My phone is 07089876543.",Firewall Breach / Perimeter Bypass,CLUSTER-007,Nasarawa,8.445258206412992,8.628831886374355
REP-1131,All the files in the finance folder now have .locked extension and there is a readme.txt asking for money. Help fast! Phone: 08123456789.,Ransomware / Malware,CLUSTER-004,Kano,12.010030499919901,8.618108446262873
REP-1132,"Security noticed a port scan and then the perimeter firewall was bypassed overnight, attacker got into the DMZ server. My phone is 08123456789.",Firewall Breach / Perimeter Bypass,CLUSTER-007,Port Harcourt,4.929457932003458,6.989862596809751
REP-1133,"Sir, IT flagged that someone set up a rogue wifi hotspot in the cafeteria and intercepted our traffic — looks like a man-in-the-middle attack on staff logins. Reach me on 07089876543.",Man-in-the-Middle (MITM) Attack,CLUSTER-005,Port Harcourt,4.80100447431815,6.937177353286578
REP-1134,"Sir, the school public library landing page is showing a strange message saying 'Hacked by X-Ghost'. Link: http://scholarship-tech.tk. Contact me on 08031234567.",Web Defacement,CLUSTER-003,Enugu,6.594549343972879,7.641659878054031
REP-1135,"Our web team found an XSS script injection on the student portal comment box, someone injected a malicious script tag to steal session cookies. Contact: blessing.a@gmail.com.",Web Application Attack (XSS),CLUSTER-006,Enugu,6.544692969819128,7.6384480488964
REP-1136,"Hello admin, I tried logging into the payroll portal and it asked for my password twice. Now my account is locked. Staff ID: STF-3301, NIN: 98765432109.",Credential Compromise,CLUSTER-002,Nasarawa,8.499925074621027,8.375697388076368
REP-1137,"Security noticed a port scan and then the perimeter firewall was bypassed overnight, attacker got into the DMZ server. My phone is 08031234567.",Firewall Breach / Perimeter Bypass,CLUSTER-007,Kano,11.985487822566473,8.633854413845324
REP-1138,"Good morning sir, someone sent this link on our department WhatsApp group claiming the VC is giving 50k grant: http://scholarship-tech.tk. My email is m.ibrahim@yahoo.com and my phone is 08123456789.",Phishing / Social Engineering,CLUSTER-001,Lagos,6.551485462529442,3.4312321575487785
REP-1139,"Someone used a prompt injection to jailbreak our support chatbot and got it to leak internal staff data. Staff ID STF-8821, please investigate.",AI System Attack (Prompt Injection / Model Abuse),CLUSTER-009,Port Harcourt,4.845426976416629,7.168788595448652
REP-1140,"Good morning sir, someone sent this link on our department WhatsApp group claiming the VC is giving 50k grant: http://update-payroll-verify.ng. My email is m.ibrahim@yahoo.com and my phone is 07089876543.",Phishing / Social Engineering,CLUSTER-001,Enugu,6.594705572309061,7.544387992715109
REP-1141,"Sir, the school public library landing page is showing a strange message saying 'Hacked by X-Ghost'. Link: http://scholarship-tech.tk. Contact me on 08031234567.",Web Defacement,CLUSTER-003,Port Harcourt,4.825602413053284,7.148747536749634
REP-1142,"Good morning sir, someone sent this link on our department WhatsApp group claiming the VC is giving 50k grant: http://update-payroll-verify.ng. My email is blessing.a@gmail.com and my phone is 08123456789.",Phishing / Social Engineering,CLUSTER-001,Lagos,6.5354140525598625,3.248875011528453
REP-1143,Abeg check this link http://fulafia-grant-portal.free.site. Dey say make I put my portal password to claim laptop scholarship. My phone number na 08031234567.,Phishing / Social Engineering,CLUSTER-001,Kano,12.053366309101671,8.616748507993664
REP-1144,"Good morning sir, someone sent this link on our department WhatsApp group claiming the VC is giving 50k grant: http://scholarship-tech.tk. My email is m.ibrahim@yahoo.com and my phone is 08123456789.",Phishing / Social Engineering,CLUSTER-001,Nasarawa,8.512952909692897,8.581113672686195
REP-1145,Abeg check this link http://scholarship-tech.tk. Dey say make I put my portal password to claim laptop scholarship. My phone number na 08031234567.,Phishing / Social Engineering,CLUSTER-001,Abuja,9.133902050585718,7.316720422729801
REP-1146,"Hello admin, I tried logging into the payroll portal and it asked for my password twice. Now my account is locked. Staff ID: STF-8821, NIN: 45678912301.",Credential Compromise,CLUSTER-002,Abuja,8.9544064098382,7.417980741409285
REP-1147,"Someone used a prompt injection to jailbreak our support chatbot and got it to leak internal staff data. Staff ID STF-8821, please investigate.",AI System Attack (Prompt Injection / Model Abuse),CLUSTER-009,Kano,11.991973573673654,8.552609657140948
REP-1148,"Good morning sir, someone sent this link on our department WhatsApp group claiming the VC is giving 50k grant: http://scholarship-tech.tk. My email is john.doe@fulafia.edu.ng and my phone is 08031234567.",Phishing / Social Engineering,CLUSTER-001,Port Harcourt,4.8080015244414085,7.117015798595157
REP-1149,"Good morning sir, someone sent this link on our department WhatsApp group claiming the VC is giving 50k grant: http://fulafia-grant-portal.free.site. My email is blessing.a@gmail.com and my phone is 07089876543.",Phishing / Social Engineering,CLUSTER-001,Port Harcourt,4.7613209138468,7.096123264579333
REP-1150,"After the initial breach the attacker pivoted from the web server and moved laterally to the internal database server. Escalating to IR now, call 08031234567.",Lateral Movement / Server Pivoting,CLUSTER-008,Kano,11.892281553887205,8.583737843163243
REP-1151,"After the initial breach the attacker pivoted from the web server and moved laterally to the internal database server. Escalating to IR now, call 08123456789.",Lateral Movement / Server Pivoting,CLUSTER-008,Abuja,9.160085597986178,7.379872844081378
REP-1152,"Someone used a prompt injection to jailbreak our support chatbot and got it to leak internal staff data. Staff ID STF-1049, please investigate.",AI System Attack (Prompt Injection / Model Abuse),CLUSTER-009,Port Harcourt,4.838215226241343,7.127821830190263
REP-1153,"Hello admin, I tried logging into the payroll portal and it asked for my password twice. Now my account is locked. Staff ID: STF-3301, NIN: 45678912301.",Credential Compromise,CLUSTER-002,Nasarawa,8.48038507437937,8.42590895939503
REP-1154,All the files in the finance folder now have .locked extension and there is a readme.txt asking for money. Help fast! Phone: 08031234567.,Ransomware / Malware,CLUSTER-004,Port Harcourt,4.937396617222848,7.124222008388243
REP-1155,All the files in the finance folder now have .locked extension and there is a readme.txt asking for money. Help fast! Phone: 08123456789.,Ransomware / Malware,CLUSTER-004,Kano,11.918301248814798,8.635867895180414
REP-1156,"Our web team found an XSS script injection on the student portal comment box, someone injected a malicious script tag to steal session cookies. Contact: john.doe@fulafia.edu.ng.",Web Application Attack (XSS),CLUSTER-006,Enugu,6.554533885790855,7.411401704869001
REP-1157,"Someone used a prompt injection to jailbreak our support chatbot and got it to leak internal staff data. Staff ID STF-8821, please investigate.",AI System Attack (Prompt Injection / Model Abuse),CLUSTER-009,Kano,11.87339270119387,8.540460472219069
REP-1158,All the files in the finance folder now have .locked extension and there is a readme.txt asking for money. Help fast! Phone: 08031234567.,Ransomware / Malware,CLUSTER-004,Abuja,9.021152208070676,7.251982404083843
REP-1159,"Good morning sir, someone sent this link on our department WhatsApp group claiming the VC is giving 50k grant: http://update-payroll-verify.ng. My email is john.doe@fulafia.edu.ng and my phone is 08031234567.",Phishing / Social Engineering,CLUSTER-001,Enugu,6.469078639482708,7.643300391861397
REP-1160,All the files in the finance folder now have .locked extension and there is a readme.txt asking for money. Help fast! Phone: 08123456789.,Ransomware / Malware,CLUSTER-004,Abuja,9.18161722650225,7.388161129624126
REP-1161,"Sir, IT flagged that someone set up a rogue wifi hotspot in the cafeteria and intercepted our traffic — looks like a man-in-the-middle attack on staff logins. Reach me on 07089876543.",Man-in-the-Middle (MITM) Attack,CLUSTER-005,Lagos,6.471913314709986,3.4641172113202683
REP-1162,"After the initial breach the attacker pivoted from the web server and moved laterally to the internal database server. Escalating to IR now, call 07089876543.",Lateral Movement / Server Pivoting,CLUSTER-008,Nasarawa,8.474736972821463,8.512533265398362
REP-1163,"Someone used a prompt injection to jailbreak our support chatbot and got it to leak internal staff data. Staff ID STF-1049, please investigate.",AI System Attack (Prompt Injection / Model Abuse),CLUSTER-009,Enugu,6.417615022719207,7.683735382593461
REP-1164,"Someone used a prompt injection to jailbreak our support chatbot and got it to leak internal staff data. Staff ID STF-1049, please investigate.",AI System Attack (Prompt Injection / Model Abuse),CLUSTER-009,Abuja,9.084705823929824,7.490545141741665
REP-1165,"Our web team found an XSS script injection on the student portal comment box, someone injected a malicious script tag to steal session cookies. Contact: blessing.a@gmail.com.",Web Application Attack (XSS),CLUSTER-006,Abuja,9.017843585804929,7.374762299592182
REP-1166,"Sir, IT flagged that someone set up a rogue wifi hotspot in the cafeteria and intercepted our traffic — looks like a man-in-the-middle attack on staff logins. Reach me on 08123456789.",Man-in-the-Middle (MITM) Attack,CLUSTER-005,Enugu,6.541684763400439,7.450142293421088
REP-1167,"Hello admin, I tried logging into the payroll portal and it asked for my password twice. Now my account is locked. Staff ID: STF-1049, NIN: 45678912301.",Credential Compromise,CLUSTER-002,Nasarawa,8.581440600925916,8.402344298203698
REP-1168,"Sir, the school public library landing page is showing a strange message saying 'Hacked by X-Ghost'. Link: http://fulafia-grant-portal.free.site. Contact me on 07089876543.",Web Defacement,CLUSTER-003,Port Harcourt,4.800669988317777,7.199743972313963
REP-1169,All the files in the finance folder now have .locked extension and there is a readme.txt asking for money. Help fast! Phone: 07089876543.,Ransomware / Malware,CLUSTER-004,Port Harcourt,4.878890412237705,7.112345886386934
REP-1170,"Sir, the school public library landing page is showing a strange message saying 'Hacked by X-Ghost'. Link: http://fulafia-grant-portal.free.site. Contact me on 07089876543.",Web Defacement,CLUSTER-003,Port Harcourt,4.747005514908797,7.019676824696222
REP-1171,"After the initial breach the attacker pivoted from the web server and moved laterally to the internal database server. Escalating to IR now, call 08123456789.",Lateral Movement / Server Pivoting,CLUSTER-008,Kano,11.947151419921235,8.730421184308257
REP-1172,Abeg check this link http://scholarship-tech.tk. Dey say make I put my portal password to claim laptop scholarship. My phone number na 08123456789.,Phishing / Social Engineering,CLUSTER-001,Abuja,9.057070722576936,7.362936702500128
REP-1173,"After the initial breach the attacker pivoted from the web server and moved laterally to the internal database server. Escalating to IR now, call 08031234567.",Lateral Movement / Server Pivoting,CLUSTER-008,Enugu,6.5946195970574,7.47700625904045
REP-1174,"Sir, IT flagged that someone set up a rogue wifi hotspot in the cafeteria and intercepted our traffic — looks like a man-in-the-middle attack on staff logins. Reach me on 08031234567.",Man-in-the-Middle (MITM) Attack,CLUSTER-005,Port Harcourt,4.8426032021665835,6.954392655288088
REP-1175,"Hello admin, I tried logging into the payroll portal and it asked for my password twice. Now my account is locked. Staff ID: STF-3301, NIN: 98765432109.",Credential Compromise,CLUSTER-002,Abuja,8.954908145039814,7.526746366995328
REP-1176,Abeg check this link http://fulafia-grant-portal.free.site. Dey say make I put my portal password to claim laptop scholarship. My phone number na 07089876543.,Phishing / Social Engineering,CLUSTER-001,Port Harcourt,4.74949688692725,6.973077516205952
REP-1177,"Hello admin, I tried logging into the payroll portal and it asked for my password twice. Now my account is locked. Staff ID: STF-3301, NIN: 98765432109.",Credential Compromise,CLUSTER-002,Lagos,6.607699719687099,3.450936818559199
REP-1178,"Sir, the school public library landing page is showing a strange message saying 'Hacked by X-Ghost'. Link: http://update-payroll-verify.ng. Contact me on 07089876543.",Web Defacement,CLUSTER-003,Lagos,6.434520367923437,3.23108000809196
REP-1179,Abeg check this link http://scholarship-tech.tk. Dey say make I put my portal password to claim laptop scholarship. My phone number na 07089876543.,Phishing / Social Engineering,CLUSTER-001,Enugu,6.437730245256614,7.5893673441148035
REP-1180,Abeg check this link http://scholarship-tech.tk. Dey say make I put my portal password to claim laptop scholarship. My phone number na 08123456789.,Phishing / Social Engineering,CLUSTER-001,Kano,11.872840247725994,8.487509482707608
REP-1181,"After the initial breach the attacker pivoted from the web server and moved laterally to the internal database server. Escalating to IR now, call 07089876543.",Lateral Movement / Server Pivoting,CLUSTER-008,Enugu,6.333364786645351,7.634744017115976
REP-1182,All the files in the finance folder now have .locked extension and there is a readme.txt asking for money. Help fast! Phone: 08031234567.,Ransomware / Malware,CLUSTER-004,Enugu,6.547063863893374,7.513011824413646
REP-1183,"After the initial breach the attacker pivoted from the web server and moved laterally to the internal database server. Escalating to IR now, call 08123456789.",Lateral Movement / Server Pivoting,CLUSTER-008,Abuja,8.995142404999587,7.510101808974896
REP-1184,"Good morning sir, someone sent this link on our department WhatsApp group claiming the VC is giving 50k grant: http://fulafia-grant-portal.free.site. My email is john.doe@fulafia.edu.ng and my phone is 07089876543.",Phishing / Social Engineering,CLUSTER-001,Lagos,6.464849592850016,3.3019562178721356
REP-1185,"Hello admin, I tried logging into the payroll portal and it asked for my password twice. Now my account is locked. Staff ID: STF-8821, NIN: 98765432109.",Credential Compromise,CLUSTER-002,Nasarawa,8.611656778671131,8.548801551217604
REP-1186,"Hello admin, I tried logging into the payroll portal and it asked for my password twice. Now my account is locked. Staff ID: STF-1049, NIN: 98765432109.",Credential Compromise,CLUSTER-002,Abuja,9.032372410669302,7.368691685763896
REP-1187,"Sir, the school public library landing page is showing a strange message saying 'Hacked by X-Ghost'. Link: http://scholarship-tech.tk. Contact me on 08123456789.",Web Defacement,CLUSTER-003,Lagos,6.442363233375149,3.4291732437629214
REP-1188,Abeg check this link http://fulafia-grant-portal.free.site. Dey say make I put my portal password to claim laptop scholarship. My phone number na 07089876543.,Phishing / Social Engineering,CLUSTER-001,Nasarawa,8.567076756065237,8.428124015058922
REP-1189,"Security noticed a port scan and then the perimeter firewall was bypassed overnight, attacker got into the DMZ server. My phone is 07089876543.",Firewall Breach / Perimeter Bypass,CLUSTER-007,Port Harcourt,4.789535350559247,7.166267052583508
REP-1190,"After the initial breach the attacker pivoted from the web server and moved laterally to the internal database server. Escalating to IR now, call 08031234567.",Lateral Movement / Server Pivoting,CLUSTER-008,Port Harcourt,4.6710230269142645,6.916934461453942
REP-1191,"Someone used a prompt injection to jailbreak our support chatbot and got it to leak internal staff data. Staff ID STF-1049, please investigate.",AI System Attack (Prompt Injection / Model Abuse),CLUSTER-009,Enugu,6.402576659700087,7.592240427115564
REP-1192,"Someone used a prompt injection to jailbreak our support chatbot and got it to leak internal staff data. Staff ID STF-3301, please investigate.",AI System Attack (Prompt Injection / Model Abuse),CLUSTER-009,Kano,11.923870399980988,8.606201407879412
REP-1193,"Our web team found an XSS script injection on the student portal comment box, someone injected a malicious script tag to steal session cookies. Contact: john.doe@fulafia.edu.ng.",Web Application Attack (XSS),CLUSTER-006,Nasarawa,8.512415393424009,8.478844930234168
REP-1194,"Sir, IT flagged that someone set up a rogue wifi hotspot in the cafeteria and intercepted our traffic — looks like a man-in-the-middle attack on staff logins. Reach me on 08123456789.",Man-in-the-Middle (MITM) Attack,CLUSTER-005,Lagos,6.624726125220883,3.5228179899153695
REP-1195,"Hello admin, I tried logging into the payroll portal and it asked for my password twice. Now my account is locked. Staff ID: STF-1049, NIN: 12345678901.",Credential Compromise,CLUSTER-002,Nasarawa,8.419309245645326,8.366085313851633
REP-1196,"Hello admin, I tried logging into the payroll portal and it asked for my password twice. Now my account is locked. Staff ID: STF-8821, NIN: 45678912301.",Credential Compromise,CLUSTER-002,Nasarawa,8.424908373564431,8.504919900971887
REP-1197,Abeg check this link http://scholarship-tech.tk. Dey say make I put my portal password to claim laptop scholarship. My phone number na 08123456789.,Phishing / Social Engineering,CLUSTER-001,Abuja,8.956057231347408,7.280404314620431
REP-1198,"Sir, the school public library landing page is showing a strange message saying 'Hacked by X-Ghost'. Link: http://scholarship-tech.tk. Contact me on 08123456789.",Web Defacement,CLUSTER-003,Kano,12.128187593081137,8.693893256804236
REP-1199,"Hello admin, I tried logging into the payroll portal and it asked for my password twice. Now my account is locked. Staff ID: STF-1049, NIN: 45678912301.",Credential Compromise,CLUSTER-002,Nasarawa,8.438804191927138,8.486478644450598
REP-1200,"After the initial breach the attacker pivoted from the web server and moved laterally to the internal database server. Escalating to IR now, call 08031234567.",Lateral Movement / Server Pivoting,CLUSTER-008,Enugu,6.579956317406889,7.64158488092213
REP-1201,"After the initial breach the attacker pivoted from the web server and moved laterally to the internal database server. Escalating to IR now, call 08031234567.",Lateral Movement / Server Pivoting,CLUSTER-008,Nasarawa,8.393153117389872,8.408846235048637
REP-1202,"Hello admin, I tried logging into the payroll portal and it asked for my password twice. Now my account is locked. Staff ID: STF-3301, NIN: 12345678901.",Credential Compromise,CLUSTER-002,Kano,11.863174304071219,8.717185877231266
REP-1203,"Good morning sir, someone sent this link on our department WhatsApp group claiming the VC is giving 50k grant: http://fulafia-grant-portal.free.site. My email is m.ibrahim@yahoo.com and my phone is 07089876543.",Phishing / Social Engineering,CLUSTER-001,Enugu,6.514835496843293,7.570905013602692
REP-1204,"After the initial breach the attacker pivoted from the web server and moved laterally to the internal database server. Escalating to IR now, call 07089876543.",Lateral Movement / Server Pivoting,CLUSTER-008,Nasarawa,8.425167390565003,8.62009271005821
REP-1205,"Someone used a prompt injection to jailbreak our support chatbot and got it to leak internal staff data. Staff ID STF-3301, please investigate.",AI System Attack (Prompt Injection / Model Abuse),CLUSTER-009,Nasarawa,8.344972108971765,8.575620399412601
REP-1206,"Our web team found an XSS script injection on the student portal comment box, someone injected a malicious script tag to steal session cookies. Contact: m.ibrahim@yahoo.com.",Web Application Attack (XSS),CLUSTER-006,Lagos,6.4553217922094,3.264135309843304
REP-1207,"Our web team found an XSS script injection on the student portal comment box, someone injected a malicious script tag to steal session cookies. Contact: m.ibrahim@yahoo.com.",Web Application Attack (XSS),CLUSTER-006,Kano,11.878913012432745,8.606236977499066
REP-1208,"Hello admin, I tried logging into the payroll portal and it asked for my password twice. Now my account is locked. Staff ID: STF-3301, NIN: 12345678901.",Credential Compromise,CLUSTER-002,Port Harcourt,4.778840670203853,6.915156802246351
REP-1209,Abeg check this link http://scholarship-tech.tk. Dey say make I put my portal password to claim laptop scholarship. My phone number na 08123456789.,Phishing / Social Engineering,CLUSTER-001,Abuja,9.106860928058616,7.36114738482738
REP-1210,"After the initial breach the attacker pivoted from the web server and moved laterally to the internal database server. Escalating to IR now, call 08031234567.",Lateral Movement / Server Pivoting,CLUSTER-008,Enugu,6.369467408071931,7.496144205738784
REP-1211,"Good morning sir, someone sent this link on our department WhatsApp group claiming the VC is giving 50k grant: http://fulafia-grant-portal.free.site. My email is john.doe@fulafia.edu.ng and my phone is 07089876543.",Phishing / Social Engineering,CLUSTER-001,Port Harcourt,4.942590515972127,7.081743212358614
REP-1212,All the files in the finance folder now have .locked extension and there is a readme.txt asking for money. Help fast! Phone: 07089876543.,Ransomware / Malware,CLUSTER-004,Nasarawa,8.49226827687904,8.426920994175287
REP-1213,All the files in the finance folder now have .locked extension and there is a readme.txt asking for money. Help fast! Phone: 08123456789.,Ransomware / Malware,CLUSTER-004,Port Harcourt,4.692692906009672,7.148075070556376
REP-1214,"Sir, IT flagged that someone set up a rogue wifi hotspot in the cafeteria and intercepted our traffic — looks like a man-in-the-middle attack on staff logins. Reach me on 07089876543.",Man-in-the-Middle (MITM) Attack,CLUSTER-005,Abuja,9.010944186142398,7.51940763533365
REP-1215,"Someone used a prompt injection to jailbreak our support chatbot and got it to leak internal staff data. Staff ID STF-8821, please investigate.",AI System Attack (Prompt Injection / Model Abuse),CLUSTER-009,Lagos,6.503410821658156,3.397546158421952
REP-1216,"Someone used a prompt injection to jailbreak our support chatbot and got it to leak internal staff data. Staff ID STF-3301, please investigate.",AI System Attack (Prompt Injection / Model Abuse),CLUSTER-009,Kano,12.034793101796682,8.506980056319248
REP-1217,"Good morning sir, someone sent this link on our department WhatsApp group claiming the VC is giving 50k grant: http://fulafia-grant-portal.free.site. My email is m.ibrahim@yahoo.com and my phone is 08031234567.",Phishing / Social Engineering,CLUSTER-001,Abuja,8.9724281426158,7.515148145973309
REP-1218,"Our web team found an XSS script injection on the student portal comment box, someone injected a malicious script tag to steal session cookies. Contact: john.doe@fulafia.edu.ng.",Web Application Attack (XSS),CLUSTER-006,Lagos,6.5969180218178005,3.460503436383369
REP-1219,"Sir, the school public library landing page is showing a strange message saying 'Hacked by X-Ghost'. Link: http://scholarship-tech.tk. Contact me on 08123456789.",Web Defacement,CLUSTER-003,Nasarawa,8.523772550010056,8.383615051113475
REP-1220,"Someone used a prompt injection to jailbreak our support chatbot and got it to leak internal staff data. Staff ID STF-3301, please investigate.",AI System Attack (Prompt Injection / Model Abuse),CLUSTER-009,Kano,11.955476735573974,8.661658824155346
REP-1221,"Good morning sir, someone sent this link on our department WhatsApp group claiming the VC is giving 50k grant: http://fulafia-grant-portal.free.site. My email is john.doe@fulafia.edu.ng and my phone is 07089876543.",Phishing / Social Engineering,CLUSTER-001,Lagos,6.472668653049986,3.4384094937498277
REP-1222,"Good morning sir, someone sent this link on our department WhatsApp group claiming the VC is giving 50k grant: http://update-payroll-verify.ng. My email is john.doe@fulafia.edu.ng and my phone is 08123456789.",Phishing / Social Engineering,CLUSTER-001,Abuja,9.176929552397288,7.397928717684582
REP-1223,"After the initial breach the attacker pivoted from the web server and moved laterally to the internal database server. Escalating to IR now, call 07089876543.",Lateral Movement / Server Pivoting,CLUSTER-008,Kano,11.895011981736213,8.468352252847447
REP-1224,"Good morning sir, someone sent this link on our department WhatsApp group claiming the VC is giving 50k grant: http://scholarship-tech.tk. My email is john.doe@fulafia.edu.ng and my phone is 08031234567.",Phishing / Social Engineering,CLUSTER-001,Nasarawa,8.502321068287047,8.559729582389268
REP-1225,"Hello admin, I tried logging into the payroll portal and it asked for my password twice. Now my account is locked. Staff ID: STF-1049, NIN: 98765432109.",Credential Compromise,CLUSTER-002,Lagos,6.441398024232682,3.2492208306330768
REP-1226,"Sir, the school public library landing page is showing a strange message saying 'Hacked by X-Ghost'. Link: http://scholarship-tech.tk. Contact me on 08123456789.",Web Defacement,CLUSTER-003,Enugu,6.428572499835298,7.670781862405493
REP-1227,"Sir, the school public library landing page is showing a strange message saying 'Hacked by X-Ghost'. Link: http://scholarship-tech.tk. Contact me on 08123456789.",Web Defacement,CLUSTER-003,Enugu,6.405910633544938,7.626141308318318
REP-1228,All the files in the finance folder now have .locked extension and there is a readme.txt asking for money. Help fast! Phone: 08031234567.,Ransomware / Malware,CLUSTER-004,Abuja,8.96268719361471,7.257216358656663
REP-1229,"After the initial breach the attacker pivoted from the web server and moved laterally to the internal database server. Escalating to IR now, call 07089876543.",Lateral Movement / Server Pivoting,CLUSTER-008,Lagos,6.537525148265579,3.3445670947879838
REP-1230,"Our web team found an XSS script injection on the student portal comment box, someone injected a malicious script tag to steal session cookies. Contact: blessing.a@gmail.com.",Web Application Attack (XSS),CLUSTER-006,Abuja,9.11091009758742,7.333162829013264
REP-1231,"Someone used a prompt injection to jailbreak our support chatbot and got it to leak internal staff data. Staff ID STF-1049, please investigate.",AI System Attack (Prompt Injection / Model Abuse),CLUSTER-009,Enugu,6.437437694081655,7.696300368540182
REP-1232,Abeg check this link http://fulafia-grant-portal.free.site. Dey say make I put my portal password to claim laptop scholarship. My phone number na 08123456789.,Phishing / Social Engineering,CLUSTER-001,Lagos,6.489948001252049,3.5205745005792064
REP-1233,"Our web team found an XSS script injection on the student portal comment box, someone injected a malicious script tag to steal session cookies. Contact: m.ibrahim@yahoo.com.",Web Application Attack (XSS),CLUSTER-006,Lagos,6.660366736534455,3.3594643497469763
REP-1234,"Good morning sir, someone sent this link on our department WhatsApp group claiming the VC is giving 50k grant: http://update-payroll-verify.ng. My email is john.doe@fulafia.edu.ng and my phone is 07089876543.",Phishing / Social Engineering,CLUSTER-001,Kano,11.965561175917928,8.526282468126041
REP-1235,"Someone used a prompt injection to jailbreak our support chatbot and got it to leak internal staff data. Staff ID STF-8821, please investigate.",AI System Attack (Prompt Injection / Model Abuse),CLUSTER-009,Enugu,6.526572469461132,7.499708147212345
REP-1236,"Sir, the school public library landing page is showing a strange message saying 'Hacked by X-Ghost'. Link: http://update-payroll-verify.ng. Contact me on 07089876543.",Web Defacement,CLUSTER-003,Nasarawa,8.504778273812452,8.486131140714196
REP-1237,"Someone used a prompt injection to jailbreak our support chatbot and got it to leak internal staff data. Staff ID STF-8821, please investigate.",AI System Attack (Prompt Injection / Model Abuse),CLUSTER-009,Port Harcourt,4.731273542778138,7.1265848168813335
REP-1238,"Good morning sir, someone sent this link on our department WhatsApp group claiming the VC is giving 50k grant: http://fulafia-grant-portal.free.site. My email is blessing.a@gmail.com and my phone is 07089876543.",Phishing / Social Engineering,CLUSTER-001,Kano,11.885221967008041,8.47792921520506
REP-1239,"Sir, IT flagged that someone set up a rogue wifi hotspot in the cafeteria and intercepted our traffic — looks like a man-in-the-middle attack on staff logins. Reach me on 08031234567.",Man-in-the-Middle (MITM) Attack,CLUSTER-005,Enugu,6.596792419716552,7.583250960268497
REP-1240,Abeg check this link http://fulafia-grant-portal.free.site. Dey say make I put my portal password to claim laptop scholarship. My phone number na 07089876543.,Phishing / Social Engineering,CLUSTER-001,Lagos,6.50154542924555,3.4925977212915065
REP-1241,"Our web team found an XSS script injection on the student portal comment box, someone injected a malicious script tag to steal session cookies. Contact: john.doe@fulafia.edu.ng.",Web Application Attack (XSS),CLUSTER-006,Lagos,6.399763981771018,3.3394320626650353
REP-1242,"After the initial breach the attacker pivoted from the web server and moved laterally to the internal database server. Escalating to IR now, call 07089876543.",Lateral Movement / Server Pivoting,CLUSTER-008,Nasarawa,8.504647034603357,8.468330282066667
REP-1243,"After the initial breach the attacker pivoted from the web server and moved laterally to the internal database server. Escalating to IR now, call 08031234567.",Lateral Movement / Server Pivoting,CLUSTER-008,Nasarawa,8.379383631382208,8.47955574481921
REP-1244,"Good morning sir, someone sent this link on our department WhatsApp group claiming the VC is giving 50k grant: http://fulafia-grant-portal.free.site. My email is m.ibrahim@yahoo.com and my phone is 08123456789.",Phishing / Social Engineering,CLUSTER-001,Enugu,6.375225941975889,7.583314576601398
REP-1245,All the files in the finance folder now have .locked extension and there is a readme.txt asking for money. Help fast! Phone: 07089876543.,Ransomware / Malware,CLUSTER-004,Nasarawa,8.41223951342793,8.510189640480425
REP-1246,"Good morning sir, someone sent this link on our department WhatsApp group claiming the VC is giving 50k grant: http://scholarship-tech.tk. My email is m.ibrahim@yahoo.com and my phone is 08123456789.",Phishing / Social Engineering,CLUSTER-001,Kano,11.950867836618078,8.67073069660603
REP-1247,"Hello admin, I tried logging into the payroll portal and it asked for my password twice. Now my account is locked. Staff ID: STF-8821, NIN: 98765432109.",Credential Compromise,CLUSTER-002,Nasarawa,8.552498357453707,8.477114671702495
REP-1248,"Our web team found an XSS script injection on the student portal comment box, someone injected a malicious script tag to steal session cookies. Contact: m.ibrahim@yahoo.com.",Web Application Attack (XSS),CLUSTER-006,Enugu,6.4238586419249515,7.602052260838315
REP-1249,"Security noticed a port scan and then the perimeter firewall was bypassed overnight, attacker got into the DMZ server. My phone is 08123456789.",Firewall Breach / Perimeter Bypass,CLUSTER-007,Abuja,8.983376441745781,7.379326570224977
REP-1250,All the files in the finance folder now have .locked extension and there is a readme.txt asking for money. Help fast! Phone: 08031234567.,Ransomware / Malware,CLUSTER-004,Nasarawa,8.520991217526342,8.372716631566023
REP-1251,"Security noticed a port scan and then the perimeter firewall was bypassed overnight, attacker got into the DMZ server. My phone is 08123456789.",Firewall Breach / Perimeter Bypass,CLUSTER-007,Lagos,6.582381562884482,3.472844376206795
REP-1252,"Security noticed a port scan and then the perimeter firewall was bypassed overnight, attacker got into the DMZ server. My phone is 07089876543.",Firewall Breach / Perimeter Bypass,CLUSTER-007,Lagos,6.428576176878805,3.3541351841478924
REP-1253,"Someone used a prompt injection to jailbreak our support chatbot and got it to leak internal staff data. Staff ID STF-3301, please investigate.",AI System Attack (Prompt Injection / Model Abuse),CLUSTER-009,Port Harcourt,4.807932935970342,7.068058123407788
REP-1254,"Hello admin, I tried logging into the payroll portal and it asked for my password twice. Now my account is locked. Staff ID: STF-8821, NIN: 98765432109.",Credential Compromise,CLUSTER-002,Port Harcourt,4.81608333664067,7.0022899122871545
REP-1255,"After the initial breach the attacker pivoted from the web server and moved laterally to the internal database server. Escalating to IR now, call 08123456789.",Lateral Movement / Server Pivoting,CLUSTER-008,Enugu,6.465185910804302,7.565983788602173
REP-1256,All the files in the finance folder now have .locked extension and there is a readme.txt asking for money. Help fast! Phone: 07089876543.,Ransomware / Malware,CLUSTER-004,Port Harcourt,4.6917324373470635,7.1604991068305255
REP-1257,"Security noticed a port scan and then the perimeter firewall was bypassed overnight, attacker got into the DMZ server. My phone is 08031234567.",Firewall Breach / Perimeter Bypass,CLUSTER-007,Port Harcourt,4.945537886954114,7.026885855661686
REP-1258,All the files in the finance folder now have .locked extension and there is a readme.txt asking for money. Help fast! Phone: 08123456789.,Ransomware / Malware,CLUSTER-004,Kano,11.877476676009298,8.542179692193017
REP-1259,"Security noticed a port scan and then the perimeter firewall was bypassed overnight, attacker got into the DMZ server. My phone is 08031234567.",Firewall Breach / Perimeter Bypass,CLUSTER-007,Port Harcourt,4.863922161604736,7.002439522788105
REP-1260,"Security noticed a port scan and then the perimeter firewall was bypassed overnight, attacker got into the DMZ server. My phone is 08123456789.",Firewall Breach / Perimeter Bypass,CLUSTER-007,Abuja,9.214016055266496,7.275105703749915
REP-1261,All the files in the finance folder now have .locked extension and there is a readme.txt asking for money. Help fast! Phone: 08123456789.,Ransomware / Malware,CLUSTER-004,Abuja,9.059896805867814,7.331014225073677
REP-1262,Abeg check this link http://update-payroll-verify.ng. Dey say make I put my portal password to claim laptop scholarship. My phone number na 08123456789.,Phishing / Social Engineering,CLUSTER-001,Nasarawa,8.476714162882418,8.654110201121398
REP-1263,"Good morning sir, someone sent this link on our department WhatsApp group claiming the VC is giving 50k grant: http://update-payroll-verify.ng. My email is m.ibrahim@yahoo.com and my phone is 07089876543.",Phishing / Social Engineering,CLUSTER-001,Enugu,6.4181892726420555,7.602266918890256
REP-1264,All the files in the finance folder now have .locked extension and there is a readme.txt asking for money. Help fast! Phone: 07089876543.,Ransomware / Malware,CLUSTER-004,Nasarawa,8.433460462072704,8.569024346380319
REP-1265,"Sir, the school public library landing page is showing a strange message saying 'Hacked by X-Ghost'. Link: http://fulafia-grant-portal.free.site. Contact me on 08123456789.",Web Defacement,CLUSTER-003,Abuja,9.069452369617407,7.254891658203164
REP-1266,"Hello admin, I tried logging into the payroll portal and it asked for my password twice. Now my account is locked. Staff ID: STF-8821, NIN: 98765432109.",Credential Compromise,CLUSTER-002,Enugu,6.4549921249580935,7.456120235473482
REP-1267,"After the initial breach the attacker pivoted from the web server and moved laterally to the internal database server. Escalating to IR now, call 07089876543.",Lateral Movement / Server Pivoting,CLUSTER-008,Nasarawa,8.641800091873055,8.599499985175623
REP-1268,"Someone used a prompt injection to jailbreak our support chatbot and got it to leak internal staff data. Staff ID STF-1049, please investigate.",AI System Attack (Prompt Injection / Model Abuse),CLUSTER-009,Nasarawa,8.618746053841356,8.57344066413328
REP-1269,"Good morning sir, someone sent this link on our department WhatsApp group claiming the VC is giving 50k grant: http://update-payroll-verify.ng. My email is m.ibrahim@yahoo.com and my phone is 07089876543.",Phishing / Social Engineering,CLUSTER-001,Kano,12.065547033745991,8.707332268633142
REP-1270,"Our web team found an XSS script injection on the student portal comment box, someone injected a malicious script tag to steal session cookies. Contact: m.ibrahim@yahoo.com.",Web Application Attack (XSS),CLUSTER-006,Nasarawa,8.565866492195411,8.56560635216588
REP-1271,"Our web team found an XSS script injection on the student portal comment box, someone injected a malicious script tag to steal session cookies. Contact: john.doe@fulafia.edu.ng.",Web Application Attack (XSS),CLUSTER-006,Kano,12.133016798663666,8.646242343535718
REP-1272,"Good morning sir, someone sent this link on our department WhatsApp group claiming the VC is giving 50k grant: http://update-payroll-verify.ng. My email is blessing.a@gmail.com and my phone is 07089876543.",Phishing / Social Engineering,CLUSTER-001,Enugu,6.4656564589325125,7.593785653288955
REP-1273,"After the initial breach the attacker pivoted from the web server and moved laterally to the internal database server. Escalating to IR now, call 08123456789.",Lateral Movement / Server Pivoting,CLUSTER-008,Abuja,9.186939197415125,7.415801257786778
REP-1274,"After the initial breach the attacker pivoted from the web server and moved laterally to the internal database server. Escalating to IR now, call 08031234567.",Lateral Movement / Server Pivoting,CLUSTER-008,Port Harcourt,4.7531807009778815,6.99444085845886
REP-1275,"Our web team found an XSS script injection on the student portal comment box, someone injected a malicious script tag to steal session cookies. Contact: john.doe@fulafia.edu.ng.",Web Application Attack (XSS),CLUSTER-006,Lagos,6.394937211510351,3.464603574938757
REP-1276,Abeg check this link http://update-payroll-verify.ng. Dey say make I put my portal password to claim laptop scholarship. My phone number na 07089876543.,Phishing / Social Engineering,CLUSTER-001,Enugu,6.401197403607948,7.671495362311989
REP-1277,"Our web team found an XSS script injection on the student portal comment box, someone injected a malicious script tag to steal session cookies. Contact: john.doe@fulafia.edu.ng.",Web Application Attack (XSS),CLUSTER-006,Kano,12.040374233094468,8.721301415787943
REP-1278,"Our web team found an XSS script injection on the student portal comment box, someone injected a malicious script tag to steal session cookies. Contact: blessing.a@gmail.com.",Web Application Attack (XSS),CLUSTER-006,Port Harcourt,4.917533583619122,6.965561207747276
REP-1279,"Our web team found an XSS script injection on the student portal comment box, someone injected a malicious script tag to steal session cookies. Contact: m.ibrahim@yahoo.com.",Web Application Attack (XSS),CLUSTER-006,Enugu,6.3444822709094435,7.686416642338413
REP-1280,"Sir, IT flagged that someone set up a rogue wifi hotspot in the cafeteria and intercepted our traffic — looks like a man-in-the-middle attack on staff logins. Reach me on 08123456789.",Man-in-the-Middle (MITM) Attack,CLUSTER-005,Abuja,9.129644766016597,7.424221094978892
REP-1281,Abeg check this link http://fulafia-grant-portal.free.site. Dey say make I put my portal password to claim laptop scholarship. My phone number na 08123456789.,Phishing / Social Engineering,CLUSTER-001,Abuja,8.929445702883902,7.332508959608641
REP-1282,"Sir, the school public library landing page is showing a strange message saying 'Hacked by X-Ghost'. Link: http://scholarship-tech.tk. Contact me on 07089876543.",Web Defacement,CLUSTER-003,Abuja,8.992568694362234,7.383612036161021
REP-1283,"Good morning sir, someone sent this link on our department WhatsApp group claiming the VC is giving 50k grant: http://fulafia-grant-portal.free.site. My email is john.doe@fulafia.edu.ng and my phone is 08123456789.",Phishing / Social Engineering,CLUSTER-001,Port Harcourt,4.851025696073076,7.178886558338142
REP-1284,"Security noticed a port scan and then the perimeter firewall was bypassed overnight, attacker got into the DMZ server. My phone is 08123456789.",Firewall Breach / Perimeter Bypass,CLUSTER-007,Port Harcourt,4.755196910878254,6.990063601098829
REP-1285,"Hello admin, I tried logging into the payroll portal and it asked for my password twice. Now my account is locked. Staff ID: STF-8821, NIN: 98765432109.",Credential Compromise,CLUSTER-002,Enugu,6.363426876523187,7.6873275164157056
REP-1286,"Security noticed a port scan and then the perimeter firewall was bypassed overnight, attacker got into the DMZ server. My phone is 08123456789.",Firewall Breach / Perimeter Bypass,CLUSTER-007,Abuja,8.94847110108352,7.3697968965811205
REP-1287,"Security noticed a port scan and then the perimeter firewall was bypassed overnight, attacker got into the DMZ server. My phone is 07089876543.",Firewall Breach / Perimeter Bypass,CLUSTER-007,Abuja,9.19589812346191,7.392956558859667
REP-1288,"Sir, the school public library landing page is showing a strange message saying 'Hacked by X-Ghost'. Link: http://fulafia-grant-portal.free.site. Contact me on 08031234567.",Web Defacement,CLUSTER-003,Nasarawa,8.530700100989701,8.407255841718138
REP-1289,All the files in the finance folder now have .locked extension and there is a readme.txt asking for money. Help fast! Phone: 08123456789.,Ransomware / Malware,CLUSTER-004,Lagos,6.567047109681318,3.2582731928432027
REP-1290,"Someone used a prompt injection to jailbreak our support chatbot and got it to leak internal staff data. Staff ID STF-3301, please investigate.",AI System Attack (Prompt Injection / Model Abuse),CLUSTER-009,Abuja,9.148757675798326,7.35196265790349
REP-1291,"Someone used a prompt injection to jailbreak our support chatbot and got it to leak internal staff data. Staff ID STF-3301, please investigate.",AI System Attack (Prompt Injection / Model Abuse),CLUSTER-009,Nasarawa,8.583167011145909,8.57255513998962
REP-1292,"Hello admin, I tried logging into the payroll portal and it asked for my password twice. Now my account is locked. Staff ID: STF-1049, NIN: 12345678901.",Credential Compromise,CLUSTER-002,Kano,11.889172085616725,8.738920171942404
REP-1293,"Hello admin, I tried logging into the payroll portal and it asked for my password twice. Now my account is locked. Staff ID: STF-3301, NIN: 98765432109.",Credential Compromise,CLUSTER-002,Port Harcourt,4.946968464532553,7.127723896493744
REP-1294,"Sir, the school public library landing page is showing a strange message saying 'Hacked by X-Ghost'. Link: http://update-payroll-verify.ng. Contact me on 07089876543.",Web Defacement,CLUSTER-003,Port Harcourt,4.883191320312993,6.959876020720916
REP-1295,"After the initial breach the attacker pivoted from the web server and moved laterally to the internal database server. Escalating to IR now, call 07089876543.",Lateral Movement / Server Pivoting,CLUSTER-008,Enugu,6.59086507532455,7.538223888006006
REP-1296,"Someone used a prompt injection to jailbreak our support chatbot and got it to leak internal staff data. Staff ID STF-8821, please investigate.",AI System Attack (Prompt Injection / Model Abuse),CLUSTER-009,Kano,12.139493413263152,8.558324807183071
REP-1297,"After the initial breach the attacker pivoted from the web server and moved laterally to the internal database server. Escalating to IR now, call 07089876543.",Lateral Movement / Server Pivoting,CLUSTER-008,Kano,12.143853221450952,8.605387839258444
REP-1298,"Sir, the school public library landing page is showing a strange message saying 'Hacked by X-Ghost'. Link: http://scholarship-tech.tk. Contact me on 07089876543.",Web Defacement,CLUSTER-003,Kano,12.123858037067444,8.570836598481124
REP-1299,"Our web team found an XSS script injection on the student portal comment box, someone injected a malicious script tag to steal session cookies. Contact: john.doe@fulafia.edu.ng.",Web Application Attack (XSS),CLUSTER-006,Lagos,6.399095892734907,3.5044287731474606
REP-1300,"Our web team found an XSS script injection on the student portal comment box, someone injected a malicious script tag to steal session cookies. Contact: m.ibrahim@yahoo.com.",Web Application Attack (XSS),CLUSTER-006,Lagos,6.41464682233342,3.251346749854385
